"Campaign name","Ad name","Delivery status","Delivery level","Ad Set Name","Result type",Results,Reach,Impressions,"Cost per result","Amount spent (USD)","Link clicks","CPC (cost per link click)","CPM (cost per 1,000 impressions)","CTR (all)",Frequency,"CPC (all)","Post comments","Post engagements","Post reactions","Post shares","Unique 2-second continuous video plays","2-second continuous video plays","3-second video plays",ThruPlays,"Video plays at 25%","Video plays at 50%","Video plays at 75%","Video plays at 95%","Video plays at 100%","Video average play time","Reporting starts","Reporting ends"
"BD - Prospecting - Asia + AU/NZ - CBO - LC","Video - TikTok Unboxing - 1A - Homepage",not_delivering,ad,"All Feeds - P(CC) - JP, AU, NZ, HK, TW, SK, TH, MY - MW, 22+ - Engaged Shoppers","Website purchases",2,102477,165783,538.39,1076.78,1573,0.6845391,6.49511711,2.31929691,1.61775813,0.28004681,3,54396,186,27,,,52567,12062,14886,7152,5134,4224,3880,5,2024-06-02,2024-07-11
"BD - Prospecting - Asia + AU/NZ - CBO - LC","GIF - Customer Testimonial - Mixed - Logo Update - 1A - Homepage",not_delivering,ad,"All Feeds - P(CC) - JP, AU, NZ, HK, TW, SK, TH, MY - MW, 22+ - Engaged Shoppers","Website purchases",5,26402,61927,62.99,314.95,341,0.92360704,5.08582686,1.07384501,2.345542,0.47360902,,6642,21,3,,,6275,1445,7128,3452,2015,1509,1437,2,2024-06-02,2024-07-11
"BD - Retargeting - CBO - LC","Static - Waves - 1G - Homepage",active,ad,"All Feeds - P(LC) - All WCAs","Website purchases",6,10775,52555,40.50666667,243.04,250,0.97216,4.62448863,1.07506422,4.8774942,0.43015929,,282,25,1,,,,,,,,,,,2024-06-02,2024-07-11
"BD - Prospecting - Asia + AU/NZ - CBO - LC","GIF - Hunter Green - 1A - SPT CP",not_delivering,ad,"All Feeds - P(CC) - JP, AU, NZ, HK, TW, SK, TH, MY - MW, 22+ - Engaged Shoppers - SPT","Website purchases",2,23050,49223,137.845,275.69,263,1.04825095,5.60083701,0.84716494,2.13548807,0.6611271,,5347,13,2,,,5065,962,4941,2458,1382,1000,935,2,2024-06-02,2024-07-11
"[US] BD - Prospecting - US - CBO - LC","Video - TikTok Unboxing - 1A - Homepage",active,ad,"All Feeds - P(LC) - US - MW, 25-60","Website purchases",13,38088,47794,130.35538462,1694.62,1013,1.67287266,35.45675189,3.33723898,1.25483092,1.06245768,2,24248,72,15,,,23101,6377,8093,4129,3312,2672,2373,9,2024-06-02,2024-07-11
"BD - Prospecting - Asia + AU/NZ - CBO - LC","GIF - Multiple Colorways - 1A - SPT CP",not_delivering,ad,"All Feeds - P(CC) - JP, AU, NZ, HK, TW, SK, TH, MY - MW, 22+ - Engaged Shoppers - SPT","Website purchases",1,15199,35192,200.05,200.05,172,1.1630814,5.68453058,0.75301205,2.31541549,0.75490566,1,3596,12,1,,,3408,567,2616,1240,787,583,564,2,2024-06-02,2024-07-11
"[AU/AS] BD - ASC+ - Prospecting - Asia + AU","Video - Influencer Content - Evelyn - 4.3A - Homepage INTL",active,ad,"ASC+ Ad Set - JP, AU, NZ, HK, TW, SK, MY - MW, 22+","Website purchases",5,18506,28726,52.176,260.88,209,1.24822967,9.08166818,1.47601476,1.55225332,0.61528302,,11322,6,6,,,11090,1727,2843,1121,656,472,422,5,2024-06-02,2024-07-11
"[US] BD - Prospecting - US - CBO - LC","Video - TikTok Unboxing - 1A - Homepage",not_delivering,ad,"All Feeds - P(LC) - US - MW, 22+ - Engaged Shoppers","Website purchases",11,18739,25445,101.55454545,1117.1,674,1.6574184,43.90253488,3.77284339,1.35786328,1.16364583,1,12490,37,4,,,11763,3475,4348,2189,1626,1284,1152,8,2024-06-02,2024-07-11
"BD - Retargeting - CBO - LC","Video - TikTok Unboxing - 1A - Homepage",active,ad,"All Feeds - P(LC) - All WCAs","Website purchases",3,7304,23155,41.80666667,125.42,158,0.79379747,5.4165407,1.43381559,3.17018072,0.37777108,2,3880,16,,,,3701,683,836,416,287,237,217,3,2024-06-02,2024-07-11
"BD - Retargeting - CBO - LC","GIF - USPs - 1A - Homepage",active,ad,"All Feeds - P(LC) - All WCAs","Website purchases",2,6367,20425,29.825,59.65,64,0.93203125,2.92044064,0.61689106,3.20794723,0.4734127,,1715,9,1,,,1639,221,1179,476,297,227,216,2,2024-06-02,2024-07-11
"[US] BD - Prospecting - US - CBO - LC","GIF - Hunter Green - 1A - SPT CP",not_delivering,ad,"All Feeds - P(LC) - US - MW, 22-60 - SPT","Website purchases",3,8979,20075,200.29333333,600.88,184,3.26565217,29.93175592,1.09090909,2.23577236,2.74374429,,2181,10,2,,,1984,288,1921,930,476,309,285,2,2024-06-02,2024-07-11
"[US] BD - ASC+ - Prospecting - US - W - Low Nose Bridge","Video - Influencer Content - Evelyn - 4.3A - Homepage INTL",inactive,ad,"[US] BD - ASC+ - Prospecting - US - W - Low Nose Bridge Ad Set","Website purchases",1,11579,17026,581.71,581.71,227,2.56259912,34.16598144,2.07917303,1.47042059,1.64324859,,7331,11,6,,,7081,1092,1747,682,382,288,254,6,2024-06-02,2024-07-11
"[AU/AS] BD - ASC+ - Prospecting - Asia + AU","Video - Influencer Content - Evelyn - 4.2A - Homepage INTL",active,ad,"ASC+ Ad Set - JP, AU, NZ, HK, TW, SK, MY - MW, 22+","Website purchases",1,9443,14233,109.5,109.5,131,0.83587786,7.6933886,1.42626291,1.50725405,0.53940887,1,5471,8,7,,,5316,975,1512,622,376,272,246,6,2024-06-02,2024-07-11
"[US] BD - ASC+ - Prospecting - US - W - Low Nose Bridge","Video - Influencer Content - Jimbo - 1.1.2A - Homepage INTL",inactive,ad,"[US] BD - ASC+ - Prospecting - US - W - Low Nose Bridge Ad Set","Website purchases",5,8192,13034,73.214,366.07,141,2.59624113,28.08577566,1.64185975,1.59106445,1.71060748,,3592,4,3,,,3441,689,932,600,345,264,240,4,2024-06-02,2024-07-11
"BD - Prospecting - Asia + AU/NZ - CBO - LC","GIF - Customer Testimonial - Urmat - Logo Update - 1A - Homepage",not_delivering,ad,"All Feeds - P(CC) - JP, AU, NZ, HK, TW, SK, TH, MY - MW, 22+ - Engaged Shoppers","Website purchases",1,6658,12649,74.68,74.68,72,1.03722222,5.90402403,1.04356076,1.89981977,0.56575758,,1542,6,,,,1464,367,1658,820,515,397,374,2,2024-06-02,2024-07-11
"[AU/AS] BD - ASC+ - Prospecting - Asia + AU","Video - Influencer Content - Jimbo - 1.1.2A - Sunglasses INTL",active,ad,"ASC+ Ad Set - JP, AU, NZ, HK, TW, SK, MY - MW, 22+",,,8853,11880,,84.04,102,0.82392157,7.07407407,1.74242424,1.34191799,0.40599034,,3764,10,,,,3650,799,1039,665,385,309,288,5,2024-06-02,2024-07-11
"BD - Retargeting - CBO - LC","GIF - Multiple Colorways - 1A - SPT CP",active,ad,"All Feeds - P(LC) - All WCAs",,,3723,9777,,43.56,55,0.792,4.4553544,0.81824691,2.62610798,0.5445,,888,4,,,,827,130,642,302,188,136,129,2,2024-06-02,2024-07-11
"[AU/AS] BD - ASC+ - Prospecting - Asia + AU","Video - Influencer Content - Jimbo - 1.2.1A - Homepage INTL",active,ad,"ASC+ Ad Set - JP, AU, NZ, HK, TW, SK, MY - MW, 22+","Website purchases",1,5129,8834,66.08,66.08,68,0.97176471,7.48019017,1.42630745,1.72236303,0.52444444,,2179,5,1,,,2104,388,493,286,160,120,118,5,2024-06-02,2024-07-11
"[AU/AS] BD - ASC+ - Prospecting - Asia + AU","Video - Influencer Content - Jimbo - 1.1.2A - Homepage INTL",active,ad,"ASC+ Ad Set - JP, AU, NZ, HK, TW, SK, MY - MW, 22+",,,6296,8766,,66.39,81,0.81962963,7.57357974,1.72256445,1.39231258,0.43966887,,2676,3,2,,,2590,592,766,514,307,255,238,5,2024-06-02,2024-07-11
"[US] BD - Prospecting - US - CBO - LC","GIF - USPs - 1A - Homepage",active,ad,"All Feeds - P(LC) - US - MW, 25-60","Website purchases",1,4123,8172,280.54,280.54,152,1.84565789,34.32941752,2.37395986,1.9820519,1.44608247,,1412,5,,,,1250,177,907,405,249,177,171,3,2024-06-02,2024-07-11
"BD - Retargeting - CBO - LC","GIF - Customer Testimonial - Urmat - Logo Update - 1A - Homepage",active,ad,"All Feeds - P(LC) - All WCAs",,,3726,7914,,23.95,36,0.66527778,3.02628254,0.73287844,2.12399356,0.41293103,,768,6,,,,725,158,837,362,235,166,157,2,2024-06-02,2024-07-11
"[AU/AS] BD - ASC+ - Prospecting - Asia + AU","Video - TikTok Unboxing - 1A - Homepage",inactive,ad,"ASC+ Ad Set - JP, AU, NZ, HK, TW, SK, MY - MW, 22+","Website purchases",1,6657,7508,85.05,85.05,109,0.78027523,11.32791689,2.91688865,1.12783536,0.38835616,,3174,6,,,,3054,790,968,498,360,270,245,7,2024-06-02,2024-07-11
"BD - Prospecting - Asia + AU/NZ - CBO - LC","GIF - Espresso Crystal - 1A - SPT CP",not_delivering,ad,"All Feeds - P(CC) - JP, AU, NZ, HK, TW, SK, TH, MY - MW, 22+ - Engaged Shoppers - SPT",,,3820,6970,,34.47,28,1.23107143,4.94548063,0.6456241,1.82460733,0.766,,597,1,,,,568,117,555,272,157,118,112,2,2024-06-02,2024-07-11
"[AU/AS] BD - ASC+ - Prospecting - Asia + AU","Video - Influencer Content - Evelyn - 2.2A - Homepage INTL",active,ad,"ASC+ Ad Set - JP, AU, NZ, HK, TW, SK, MY - MW, 22+","Website purchases",1,3782,6656,59.78,59.78,46,1.29956522,8.98137019,1.26201923,1.75991539,0.71166667,,1475,1,2,,,1426,193,309,165,120,75,64,3,2024-06-02,2024-07-11
"[US] BD - ASC+ - Prospecting - US - W - Low Nose Bridge","Video - Influencer Content - Evelyn - 4.2A - Homepage INTL",active,ad,"[US] BD - ASC+ - Prospecting - US - W - Low Nose Bridge Ad Set","Website purchases",1,4202,6221,170.05,170.05,58,2.93189655,27.33483363,1.47886192,1.48048548,1.84836957,,2129,2,3,,,2066,359,552,218,134,95,80,5,2024-06-02,2024-07-11
"BD - DPA - Retargeting","DPA RTG - D",active,ad,"P30D - VC or ATC","Website purchases",1,713,5814,72.71,72.71,43,1.69093023,12.50601995,0.98039216,8.1542777,1.27561404,,46,2,1,,,,,,,,,,,2024-06-02,2024-07-11
"[AU/AS] BD - ASC+ - Prospecting - Asia + AU","Video - Influencer Content - Jimbo - 1.2.2A - Homepage INTL",active,ad,"ASC+ Ad Set - JP, AU, NZ, HK, TW, SK, MY - MW, 22+",,,3292,5308,,37.92,39,0.97230769,7.14393369,1.33760362,1.61239368,0.53408451,,1114,3,1,,,1070,196,240,160,106,90,83,4,2024-06-02,2024-07-11
"[AU/AS] BD - ASC+ - Prospecting - Asia + AU","Video - Influencer Content - Jimbo - 1.3.1A - Homepage INTL",active,ad,"ASC+ Ad Set - JP, AU, NZ, HK, TW, SK, MY - MW, 22+",,,3554,5074,,39.13,43,0.91,7.71186441,1.43870713,1.42768711,0.5360274,,1803,2,1,,,1756,268,335,211,127,85,81,4,2024-06-02,2024-07-11
"[US] BD - ASC+ - Prospecting - US - W - Low Nose Bridge","Video - TikTok Unboxing - 1A - Homepage",inactive,ad,"[US] BD - ASC+ - Prospecting - US - W - Low Nose Bridge Ad Set","Website purchases",1,4339,4922,201.22,201.22,100,2.0122,40.88175538,2.90532304,1.13436276,1.40713287,1,2547,9,1,,,2432,663,815,446,338,266,236,8,2024-06-02,2024-07-11
"BD - DPA - Retargeting","DPA RTG - C",active,ad,"P30D - VC or ATC","Website purchases",2,669,4759,31.275,62.55,34,1.83970588,13.14351755,1.00861526,7.11360239,1.303125,,35,1,,,,,,,,,,,,2024-06-02,2024-07-11
"[AU/AS] BD - ASC+ - Prospecting - Asia + AU","Video - Influencer Content - Jimbo - 1.1.1A - Homepage INTL",active,ad,"ASC+ Ad Set - JP, AU, NZ, HK, TW, SK, MY - MW, 22+",,,2814,4353,,35.33,48,0.73604167,8.11624167,1.67700436,1.54690832,0.4839726,,1126,1,,,,1077,228,285,194,126,91,89,5,2024-06-02,2024-07-11
"BD - Prospecting - Asia + AU/NZ - CBO - LC","GIF - Mahogany Tortoise - 1A - SPT CP",not_delivering,ad,"All Feeds - P(CC) - JP, AU, NZ, HK, TW, SK, TH, MY - MW, 22+ - Engaged Shoppers - SPT",,,2628,4160,,18.13,14,1.295,4.35817308,0.45673077,1.58295282,0.95421053,,358,1,,,,343,53,335,142,76,58,50,3,2024-06-02,2024-07-11
"[AU/AS] BD - ASC+ - Prospecting - Asia + AU","Video - Influencer Content - Jimbo - 1.3.2A - Homepage INTL",active,ad,"ASC+ Ad Set - JP, AU, NZ, HK, TW, SK, MY - MW, 22+",,,2335,3818,,30.27,21,1.44142857,7.92823468,1.17862755,1.63511777,0.67266667,,1147,1,,,,1125,157,206,126,75,59,59,4,2024-06-02,2024-07-11
"[AU/AS] BD - ASC+ - Prospecting - Asia + AU","Video - Influencer Content - Evelyn - 2.3A - Homepage INTL",active,ad,"ASC+ Ad Set - JP, AU, NZ, HK, TW, SK, MY - MW, 22+",,,2008,3635,,29.22,19,1.53789474,8.03851444,1.12792297,1.81025896,0.71268293,,910,1,,,,890,90,143,79,56,37,34,3,2024-06-02,2024-07-11
"[US] BD - ASC+ - Prospecting - US - W - Low Nose Bridge","Video - Influencer Content - Evelyn - 2.2A - Homepage INTL",active,ad,"[US] BD - ASC+ - Prospecting - US - W - Low Nose Bridge Ad Set","Website purchases",3,1892,3413,40.57,121.71,43,2.83046512,35.66070905,1.75798418,1.80391121,2.0285,,937,1,,,,892,137,199,119,87,60,53,4,2024-06-02,2024-07-11
"[AU/AS] BD - ASC+ - Prospecting - Asia + AU","Video - Influencer Content - Jimbo - 1.3.1A - Sunglasses INTL",active,ad,"ASC+ Ad Set - JP, AU, NZ, HK, TW, SK, MY - MW, 22+",,,2097,3119,,26.18,21,1.24666667,8.39371593,1.41070856,1.4873629,0.595,,980,3,1,,,955,153,195,120,75,59,58,4,2024-06-02,2024-07-11
"BD - DPA - Retargeting","DPA RTG - E",active,ad,"P30D - VC or ATC",,,469,2516,,29.33,13,2.25615385,11.65739269,0.91414944,5.36460554,1.27521739,,15,2,,,,,,,,,,,,2024-06-02,2024-07-11
"[US] BD - ASC+ - Prospecting - US - W - Low Nose Bridge","Video - Influencer Content - Jimbo - 1.3.2A - Homepage INTL",inactive,ad,"[US] BD - ASC+ - Prospecting - US - W - Low Nose Bridge Ad Set","Website purchases",1,1530,2495,63.79,63.79,16,3.986875,25.56713427,1.08216433,1.63071895,2.36259259,,713,,,,,697,101,134,84,40,29,26,4,2024-06-02,2024-07-11
"BD - DPA - Retargeting","DPA RTG - B",active,ad,"P30D - VC or ATC","Website purchases",1,464,2324,23.16,23.16,16,1.4475,9.96557659,0.90361446,5.00862069,1.10285714,,16,,,,,,,,,,,,,2024-06-02,2024-07-11
"[US] BD - ASC+ - Prospecting - US - W - Low Nose Bridge","Video - Influencer Content - Jimbo - 1.3.1A - Sunglasses INTL",inactive,ad,"[US] BD - ASC+ - Prospecting - US - W - Low Nose Bridge Ad Set",,,1616,2218,,103,26,3.96153846,46.43823264,1.5779982,1.37252475,2.94285714,,837,3,1,,,807,83,118,78,47,33,32,4,2024-06-02,2024-07-11
"[US] BD - ASC+ - Prospecting - US - W - Low Nose Bridge","Video - Influencer Content - Jimbo - 1.2.2A - Homepage INTL",inactive,ad,"[US] BD - ASC+ - Prospecting - US - W - Low Nose Bridge Ad Set",,,1314,2197,,69.86,22,3.17545455,31.79790624,1.77514793,1.67199391,1.79128205,,591,,,,,569,82,135,67,34,23,23,4,2024-06-02,2024-07-11
"BD - Prospecting - Asia + AU/NZ - CBO - LC","GIF - Customer Testimonial - James - Logo Update - 1A - Homepage",not_delivering,ad,"All Feeds - P(CC) - JP, AU, NZ, HK, TW, SK, TH, MY - MW, 22+ - Engaged Shoppers",,,1480,2123,,13.32,13,1.02461538,6.27414037,0.89495996,1.43445946,0.70105263,,262,4,,,,245,63,273,133,79,64,62,2,2024-06-02,2024-07-11
"[AU/AS] BD - ASC+ - Prospecting - Asia + AU","Video - Influencer Content - Jimbo - 5.1A - Homepage INTL",active,ad,"ASC+ Ad Set - JP, AU, NZ, HK, TW, SK, MY - MW, 22+","Website purchases",1,1488,2120,13.7,13.7,14,0.97857143,6.46226415,1.50943396,1.42473118,0.428125,,657,,,,,643,84,165,57,25,13,9,4,2024-06-02,2024-07-11
"[AU/AS] BD - ASC+ - Prospecting - Asia + AU","Video - Influencer Content - Jimbo - 5.2A - Homepage INTL",active,ad,"ASC+ Ad Set - JP, AU, NZ, HK, TW, SK, MY - MW, 22+",,,1358,2031,,14.99,11,1.36272727,7.38060069,1.23092073,1.49558174,0.5996,1,431,1,,,,418,77,132,46,30,15,13,3,2024-06-02,2024-07-11
"[US] BD - ASC+ - Prospecting - US - W - Low Nose Bridge","Video - Influencer Content - Jimbo - 1.3.1A - Homepage INTL",inactive,ad,"[US] BD - ASC+ - Prospecting - US - W - Low Nose Bridge Ad Set","Website purchases",1,1399,1959,73.87,73.87,18,4.10388889,37.70801429,1.1740684,1.40028592,3.21173913,,729,3,,,,708,105,136,88,48,37,34,5,2024-06-02,2024-07-11
"[AU/AS] BD - ASC+ - Prospecting - Asia + AU","Video - Influencer Content - Evelyn - 3.2A - Homepage INTL",active,ad,"ASC+ Ad Set - JP, AU, NZ, HK, TW, SK, MY - MW, 22+","Website purchases",1,943,1740,11.03,11.03,17,0.64882353,6.33908046,1.66666667,1.84517497,0.38034483,,278,,,,,261,36,60,29,20,16,15,3,2024-06-02,2024-07-11
"[AU/AS] BD - ASC+ - Prospecting - Asia + AU","Video - Influencer Content - Jimbo - 5.3A - Homepage INTL",active,ad,"ASC+ Ad Set - JP, AU, NZ, HK, TW, SK, MY - MW, 22+",,,1111,1682,,12.97,13,0.99769231,7.71105826,1.72413793,1.5139514,0.44724138,,464,,,,,451,76,102,38,25,16,15,4,2024-06-02,2024-07-11
"[US] BD - ASC+ - Prospecting - US - W - Low Nose Bridge","Video - Influencer Content - Evelyn - 2.3A - Homepage INTL",active,ad,"[US] BD - ASC+ - Prospecting - US - W - Low Nose Bridge Ad Set",,,993,1533,,46.97,10,4.697,30.63926941,1.30463144,1.54380665,2.3485,,400,,,,,389,47,70,38,24,17,14,3,2024-06-02,2024-07-11
"[AU/AS] BD - ASC+ - Prospecting - Asia + AU","Video - Influencer Content - Evelyn - 3.3A - Homepage INTL",active,ad,"ASC+ Ad Set - JP, AU, NZ, HK, TW, SK, MY - MW, 22+","Website purchases",1,888,1453,10.72,10.72,9,1.19111111,7.37783895,1.51410874,1.63626126,0.48727273,,349,,1,,,339,43,62,29,17,10,9,3,2024-06-02,2024-07-11
"[US] BD - ASC+ - Prospecting - US - W - Low Nose Bridge","Video - Influencer Content - Jimbo - 1.2.1A - Homepage INTL",inactive,ad,"[US] BD - ASC+ - Prospecting - US - W - Low Nose Bridge Ad Set",,,933,1341,,47.48,14,3.39142857,35.40641312,1.49142431,1.43729904,2.374,,440,1,,,,424,75,102,58,35,27,26,4,2024-06-02,2024-07-11
"[US] BD - ASC+ - Prospecting - US - W - Low Nose Bridge","Video - Influencer Content - Jimbo - 1.2.1A - Sunglasses INTL",inactive,ad,"[US] BD - ASC+ - Prospecting - US - W - Low Nose Bridge Ad Set",,,931,1322,,54.41,12,4.53416667,41.15733737,1.36157337,1.41997852,3.02277778,,392,1,,,,379,80,92,67,45,34,33,5,2024-06-02,2024-07-11
"BD - DPA - Retargeting","DPA RTG - A",active,ad,"P30D - VC or ATC",,,334,1320,,12.88,13,0.99076923,9.75757576,1.06060606,3.95209581,0.92,,17,3,,,,,,,,,,,,2024-06-02,2024-07-11
"BD - Prospecting - Asia + AU/NZ - CBO - LC","GIF - Crystal - 1A - SPT CP",not_delivering,ad,"All Feeds - P(CC) - JP, AU, NZ, HK, TW, SK, TH, MY - MW, 22+ - Engaged Shoppers - SPT",,,1065,1241,,6.94,6,1.15666667,5.5922643,0.80580177,1.16525822,0.694,,122,,,,,116,12,113,45,22,12,11,1,2024-06-02,2024-07-11
"[AU/AS] BD - ASC+ - Prospecting - Asia + AU","Video - Influencer Content - Evelyn - 2.1A - Homepage INTL",active,ad,"ASC+ Ad Set - JP, AU, NZ, HK, TW, SK, MY - MW, 22+","Website purchases",1,796,1208,7.94,7.94,9,0.88222222,6.57284768,1.40728477,1.51758794,0.46705882,,275,,1,,,265,40,59,30,23,18,16,3,2024-06-02,2024-07-11
"[US] BD - ASC+ - Prospecting - US - W - Low Nose Bridge","Video - Influencer Content - Jimbo - 5.2A - Homepage INTL",inactive,ad,"[US] BD - ASC+ - Prospecting - US - W - Low Nose Bridge Ad Set",,,680,1202,,40.34,4,10.085,33.56073211,0.74875208,1.76764706,4.48222222,,259,,,,,255,50,89,35,18,11,9,4,2024-06-02,2024-07-11
"[AU/AS] BD - ASC+ - Prospecting - Asia + AU","Video - Influencer Content - Evelyn - 4.1A - Homepage INTL",active,ad,"ASC+ Ad Set - JP, AU, NZ, HK, TW, SK, MY - MW, 22+",,,791,1183,,9.5,12,0.79166667,8.03043111,1.77514793,1.49557522,0.45238095,,347,,,,,335,52,94,37,24,21,16,4,2024-06-02,2024-07-11
"BD - Retargeting - CBO - LC","GIF - Customer Testimonial - James - Logo Update - 1A - Homepage",active,ad,"All Feeds - P(LC) - All WCAs",,,469,1018,,1.88,4,0.47,1.84675835,0.68762279,2.17057569,0.26857143,,49,,,,,45,8,53,23,10,8,6,1,2024-06-02,2024-07-11
"[US] BD - ASC+ - Prospecting - US - W - Low Nose Bridge","Video - Influencer Content - Evelyn - 3.3A - Homepage INTL",active,ad,"[US] BD - ASC+ - Prospecting - US - W - Low Nose Bridge Ad Set","Website purchases",1,634,941,28.37,28.37,3,9.45666667,30.1487779,0.4250797,1.48422713,7.0925,,251,,,,,248,23,42,21,14,11,10,8,2024-06-02,2024-07-11
"[US] BD - ASC+ - Prospecting - US - W - Low Nose Bridge","Video - Influencer Content - Jimbo - 5.3A - Homepage INTL",inactive,ad,"[US] BD - ASC+ - Prospecting - US - W - Low Nose Bridge Ad Set",,,569,913,,25.06,6,4.17666667,27.44797371,1.20481928,1.60456942,2.27818182,,227,1,,,,219,30,52,14,11,8,8,3,2024-06-02,2024-07-11
"[US] BD - ASC+ - Prospecting - US - W - Low Nose Bridge","Video - Influencer Content - Jimbo - 1.1.1A - Homepage INTL",inactive,ad,"[US] BD - ASC+ - Prospecting - US - W - Low Nose Bridge Ad Set",,,629,833,,28.51,8,3.56375,34.22569028,1.08043217,1.32432432,3.16777778,,202,,,,,194,26,36,20,9,7,6,3,2024-06-02,2024-07-11
"[US] BD - Prospecting - US - CBO - LC","GIF - Multiple Colorways - 1A - SPT CP",not_delivering,ad,"All Feeds - P(LC) - US - MW, 22-60 - SPT","Website purchases",1,433,605,22.73,22.73,4,5.6825,37.57024793,0.99173554,1.39722864,3.78833333,,82,,,,,78,9,57,28,16,10,9,2,2024-06-02,2024-07-11
"[AU/AS] BD - ASC+ - Prospecting - Asia + AU","Video - Influencer Content - Evelyn - 3.1A - Homepage INTL",active,ad,"ASC+ Ad Set - JP, AU, NZ, HK, TW, SK, MY - MW, 22+",,,394,594,,7.06,5,1.412,11.88552189,1.34680135,1.50761421,0.8825,,149,,,,,144,26,39,22,17,16,13,4,2024-06-02,2024-07-11
"[US] BD - ASC+ - Prospecting - US - W - Low Nose Bridge","Video - Influencer Content - Jimbo - 5.1A - Homepage INTL",inactive,ad,"[US] BD - ASC+ - Prospecting - US - W - Low Nose Bridge Ad Set",,,399,516,,12.76,5,2.552,24.72868217,1.5503876,1.29323308,1.595,,160,,,,,155,27,42,14,8,6,4,4,2024-06-02,2024-07-11
"[US] BD - ASC+ - Prospecting - US - W - Low Nose Bridge","Video - Influencer Content - Evelyn - 3.2A - Homepage INTL",active,ad,"[US] BD - ASC+ - Prospecting - US - W - Low Nose Bridge Ad Set",,,239,336,,11.89,2,5.945,35.38690476,0.5952381,1.40585774,5.945,,82,,,,,80,10,18,9,8,5,5,6,2024-06-02,2024-07-11
"[US] BD - Prospecting - US - CBO - LC","GIF - Crystal - 1A - SPT CP",not_delivering,ad,"All Feeds - P(LC) - US - MW, 22-60 - SPT","Website purchases",1,239,327,7.93,7.93,2,3.965,24.25076453,0.6116208,1.36820084,3.965,,38,,,,,36,3,36,12,3,3,3,2,2024-06-02,2024-07-11
"[US] BD - ASC+ - Prospecting - US - W - Low Nose Bridge","Video - Influencer Content - Evelyn - 4.1A - Homepage INTL",active,ad,"[US] BD - ASC+ - Prospecting - US - W - Low Nose Bridge Ad Set",,,229,317,,12.57,4,3.1425,39.65299685,1.89274448,1.38427948,2.095,,95,1,,,,90,17,26,11,7,6,5,4,2024-06-02,2024-07-11
"[US] BD - ASC+ - Prospecting - US - W - Low Nose Bridge","Video - Influencer Content - Evelyn - 3.1A - Homepage INTL",active,ad,"[US] BD - ASC+ - Prospecting - US - W - Low Nose Bridge Ad Set",,,211,277,,4.64,,,16.75090253,0,1.31279621,,,56,,,,,56,4,9,4,2,1,1,3,2024-06-02,2024-07-11
"[US] BD - ASC+ - Prospecting - US - Lo-Fi","Video - Influencer Content - Jimbo - 1.1.2A - Homepage INTL",active,ad,"[US] BD - ASC+ - Prospecting - US - Lo-Fi Ad Set",,,259,271,,9.03,4,2.2575,33.32103321,1.47601476,1.04633205,2.2575,,82,1,,,,77,12,16,12,9,7,6,4,2024-06-02,2024-07-11
"[US] BD - Prospecting - US - CBO - LC","GIF - Espresso Crystal - 1A - SPT CP",not_delivering,ad,"All Feeds - P(LC) - US - MW, 22-60 - SPT",,,210,264,,5.55,,,21.02272727,0,1.25714286,,,19,,,,,19,2,18,4,3,2,1,1,2024-06-02,2024-07-11
"[US] BD - Prospecting - US - CBO - LC","GIF - Mahogany Tortoise - 1A - SPT CP",not_delivering,ad,"All Feeds - P(LC) - US - MW, 22-60 - SPT",,,177,220,,4.73,1,4.73,21.5,0.45454545,1.24293785,4.73,,21,,,,,20,3,19,9,3,3,3,1,2024-06-02,2024-07-11
"[US] BD - ASC+ - Prospecting - US - W - Low Nose Bridge","Video - Influencer Content - Evelyn - 2.1A - Homepage INTL",active,ad,"[US] BD - ASC+ - Prospecting - US - W - Low Nose Bridge Ad Set",,,161,195,,6.22,4,1.555,31.8974359,2.56410256,1.21118012,1.244,,63,,,,,59,8,12,8,3,3,1,3,2024-06-02,2024-07-11
"[US] BD - ASC+ - Prospecting - US - Lo-Fi","Video - Influencer Content - Jimbo - 1.3.1A - Homepage INTL",active,ad,"[US] BD - ASC+ - Prospecting - US - Lo-Fi Ad Set",,,102,105,,2.47,2,1.235,23.52380952,3.80952381,1.02941176,0.6175,,45,,,,,43,3,7,3,2,2,2,4,2024-06-02,2024-07-11
"[US] BD - ASC+ - Prospecting - US - Lo-Fi","Video - Influencer Content - Jimbo - 1.3.2A - Homepage INTL",active,ad,"[US] BD - ASC+ - Prospecting - US - Lo-Fi Ad Set",,,79,87,,3.01,,,34.59770115,1.14942529,1.10126582,3.01,,31,,,,,31,6,8,4,3,3,3,5,2024-06-02,2024-07-11
"[US] BD - ASC+ - Prospecting - US - Lo-Fi","Video - Influencer Content - Jimbo - 1.2.2A - Homepage INTL",active,ad,"[US] BD - ASC+ - Prospecting - US - Lo-Fi Ad Set",,,55,58,,1.78,,,30.68965517,0,1.05454545,,,18,,,,,18,3,4,3,,,,4,2024-06-02,2024-07-11
"[US] BD - ASC+ - Prospecting - US - Lo-Fi","Video - Influencer Content - Jimbo - 5.1A - Homepage INTL",active,ad,"[US] BD - ASC+ - Prospecting - US - Lo-Fi Ad Set",,,35,38,,0.96,1,0.96,25.26315789,2.63157895,1.08571429,0.96,,8,,,,,7,1,3,,,,,2,2024-06-02,2024-07-11
"[US] BD - ASC+ - Prospecting - US - Lo-Fi","Video - Influencer Content - Jimbo - 1.2.1A - Sunglasses INTL",active,ad,"[US] BD - ASC+ - Prospecting - US - Lo-Fi Ad Set",,,25,28,,1.25,1,1.25,44.64285714,3.57142857,1.12,1.25,,7,,,,,6,1,1,1,,,,3,2024-06-02,2024-07-11
"[US] BD - ASC+ - Prospecting - US - Lo-Fi","Video - Influencer Content - Jimbo - 1.2.1A - Homepage INTL",active,ad,"[US] BD - ASC+ - Prospecting - US - Lo-Fi Ad Set",,,26,27,,1.37,,,50.74074074,0,1.03846154,,,10,,,,,10,1,1,1,1,,,3,2024-06-02,2024-07-11
"[US] BD - ASC+ - Prospecting - US - Lo-Fi","Video - Influencer Content - Jimbo - 1.1.1A - Homepage INTL",active,ad,"[US] BD - ASC+ - Prospecting - US - Lo-Fi Ad Set",,,23,26,,1.03,1,1.03,39.61538462,3.84615385,1.13043478,1.03,,6,,,,,5,,1,,,,,3,2024-06-02,2024-07-11
"[US] BD - ASC+ - Prospecting - US - Lo-Fi","Video - Influencer Content - Jimbo - 1.3.1A - Sunglasses INTL",active,ad,"[US] BD - ASC+ - Prospecting - US - Lo-Fi Ad Set",,,19,19,,0.37,,,19.47368421,5.26315789,1,0.37,,8,,,,,8,2,2,2,2,1,1,6,2024-06-02,2024-07-11
"[US] BD - ASC+ - Prospecting - US - Lo-Fi","Video - Influencer Content - Jimbo - 5.3A - Homepage INTL",active,ad,"[US] BD - ASC+ - Prospecting - US - Lo-Fi Ad Set",,,16,16,,0.68,,,42.5,0,1,,,3,,,,,3,,1,,,,,2,2024-06-02,2024-07-11
"[US] BD - ASC+ - Prospecting - US - Lo-Fi","Video - Influencer Content - Jimbo - 5.2A - Homepage INTL",active,ad,"[US] BD - ASC+ - Prospecting - US - Lo-Fi Ad Set",,,2,2,,0.16,,,80,50,1,0.16,,1,,,,,1,1,1,,,,,22,2024-06-02,2024-07-11
